{"cameraMode":{"drawMode":0,"name":"Shaded","section":"Shading Mode"},"sceneLighting":false,"audioPlay":false,"sceneViewState":{"m_AlwaysRefresh":false,"showFog":true,"showSkybox":true,"showFlares":true,"showImageEffects":true,"showParticleSystems":true,"showVisualEffectGraphs":true,"m_FxEnabled":true},"in2DMode":false,"pivot":{"x":1.3125004768371583,"y":0.37620484828948977,"z":2.6275289058685304},"rotation":{"x":0.28973516821861269,"y":-0.1062551811337471,"z":0.03241301700472832,"w":0.9507371187210083},"size":12.880910873413086,"orthographic":false}