{"cameraMode":{"drawMode":0,"name":"Shaded","section":"Shading Mode"},"sceneLighting":false,"audioPlay":false,"sceneViewState":{"m_AlwaysRefresh":false,"showFog":true,"showSkybox":true,"showFlares":true,"showImageEffects":true,"showParticleSystems":true,"showVisualEffectGraphs":true,"m_FxEnabled":true},"in2DMode":false,"pivot":{"x":1.4994890689849854,"y":-2.4823174476623537,"z":2.161245346069336},"rotation":{"x":0.3762824833393097,"y":0.019159242510795594,"z":-0.007814941927790642,"w":0.9264281988143921},"size":6.475500583648682,"orthographic":false}