{"cameraMode":{"drawMode":0,"name":"Shaded","section":"Shading Mode"},"sceneLighting":false,"audioPlay":false,"sceneViewState":{"m_AlwaysRefresh":false,"showFog":true,"showSkybox":false,"showFlares":true,"showImageEffects":true,"showParticleSystems":true,"showVisualEffectGraphs":true,"m_FxEnabled":true},"in2DMode":false,"pivot":{"x":0.020697463303804399,"y":0.5069078207015991,"z":-0.8793435096740723},"rotation":{"x":0.0972285121679306,"y":-0.9026123881340027,"z":0.2869546711444855,"w":0.3058345317840576},"size":0.6310237646102905,"orthographic":false}